Year,Div,Team,Wins,Team_Salary,Season_Rank,Salary_Rank,Div_Season_Rank,Div_Salary_Rank,Diff,Div_Diff,Playoffs
1996,East,ORL,60,30397000,3.0,3.0,2.0,2.0,0.0,0.0,3.0
1996,East,NYK,47,38577000,9.5,1.0,4.5,1.0,-8.5,-3.5,2.0
1996,East,MIA,42,20482000,14.0,23.0,8.0,12.0,9.0,4.0,1.0
1996,East,WSB,39,21774000,17.5,18.0,10.0,10.0,0.5,0.0,0.0
1996,East,BOS,33,18229000,21.0,26.0,11.0,13.0,5.0,2.0,0.0
1996,East,NJN,30,22555000,22.0,14.0,12.0,8.0,-8.0,-4.0,0.0
1996,East,PHI,18,17408000,28.0,28.0,15.0,14.0,0.0,-1.0,0.0
1996,East,CHI,72,23177000,1.0,12.0,1.0,6.0,11.0,5.0,5.0
1996,East,IND,52,23499000,7.0,10.0,3.0,5.0,3.0,2.0,1.0
1996,East,CLE,47,25730000,9.5,5.0,4.5,3.0,-4.5,-1.5,1.0
1996,East,ATL,46,21702000,11.5,20.0,6.5,11.0,8.5,4.5,2.0
1996,East,DET,46,23713000,11.5,9.0,6.5,4.0,-2.5,-2.5,1.0
1996,East,CHH,41,21829000,15.5,17.0,9.0,9.0,1.5,0.0,0.0
1996,East,MIL,25,23011000,26.0,13.0,13.0,7.0,-13.0,-6.0,0.0
1996,East,TOR,21,17205000,27.0,29.0,14.0,15.0,2.0,1.0,0.0
1996,West,SAS,59,25448000,4.0,6.0,2.0,3.0,2.0,1.0,2.0
1996,West,UTA,55,21111000,5.0,22.0,3.0,11.0,17.0,8.0,3.0
1996,West,HOU,48,24814000,8.0,7.0,5.0,4.0,-1.0,-1.0,2.0
1996,West,DEN,35,19778000,20.0,25.0,10.0,13.0,5.0,3.0,0.0
1996,West,MIN,26,22192000,24.5,15.0,12.5,7.0,-9.5,-5.5,0.0
1996,West,DAL,26,21753000,24.5,19.0,12.5,9.0,-5.5,-3.5,0.0
1996,West,VAN,15,17498000,29.0,27.0,14.0,14.0,-2.0,0.0,0.0
1996,West,SEA,64,25852000,2.0,4.0,1.0,2.0,2.0,1.0,4.0
1996,West,LAL,53,19783000,6.0,24.0,4.0,12.0,18.0,8.0,1.0
1996,West,POR,44,23201000,13.0,11.0,6.0,6.0,-2.0,0.0,1.0
1996,West,PHO,41,34925000,15.5,2.0,7.0,1.0,-13.5,-6.0,1.0
1996,West,SAC,39,24156000,17.5,8.0,8.0,5.0,-9.5,-3.0,1.0
1996,West,GSW,36,22177000,19.0,16.0,9.0,8.0,-3.0,-1.0,0.0
1996,West,LAC,29,21150000,23.0,21.0,11.0,10.0,-2.0,-1.0,0.0
1997,East,MIA,61,22421000,3.0,23.0,2.0,11.0,20.0,9.0,3.0
1997,East,NYK,57,25923500,5.0,14.0,3.0,6.0,9.0,3.0,2.0
1997,East,ORL,45,40149100,12.0,2.0,7.0,2.0,-10.0,-5.0,1.0
1997,East,WSB,44,34940000,13.0,5.0,8.0,4.0,-8.0,-4.0,1.0
1997,East,NJN,26,25426600,23.0,17.0,13.0,9.0,-6.0,-4.0,0.0
1997,East,PHI,22,20369500,25.0,26.0,14.0,13.0,1.0,-1.0,0.0
1997,East,BOS,15,25853500,28.0,15.0,15.0,7.0,-13.0,-8.0,0.0
1997,East,CHI,69,58270000,1.0,1.0,1.0,1.0,0.0,0.0,5.0
1997,East,ATL,56,25806100,7.5,16.0,4.0,8.0,8.5,4.0,2.0
1997,East,DET,54,26848500,9.5,11.0,5.5,5.0,1.5,-0.5,1.0
1997,East,CHH,54,20490500,9.5,25.0,5.5,12.0,15.5,6.5,1.0
1997,East,CLE,42,18867500,14.0,27.0,9.0,14.0,13.0,5.0,0.0
1997,East,IND,39,39480000,17.0,3.0,10.0,3.0,-14.0,-7.0,0.0
1997,East,MIL,33,24222500,20.0,20.0,11.0,10.0,0.0,-1.0,0.0
1997,East,TOR,30,18633900,21.5,28.0,12.0,15.0,6.5,3.0,0.0
1997,West,UTA,64,25267000,2.0,18.0,1.0,9.0,16.0,8.0,4.0
1997,West,HOU,57,26275000,5.0,12.0,2.5,7.0,7.0,4.5,3.0
1997,West,MIN,40,24100500,15.5,21.0,6.5,11.0,5.5,4.5,1.0
1997,West,DAL,24,26107500,24.0,13.0,11.0,8.0,-11.0,-3.0,0.0
1997,West,DEN,21,21243300,26.0,24.0,12.0,13.0,-2.0,1.0,0.0
1997,West,SAS,20,30785500,27.0,7.0,13.0,3.0,-20.0,-10.0,0.0
1997,West,VAN,14,15978000,29.0,29.0,14.0,14.0,0.0,0.0,0.0
1997,West,SEA,57,30301500,5.0,8.0,2.5,4.0,3.0,1.5,2.0
1997,West,LAL,56,28838500,7.5,9.0,4.0,5.0,1.5,1.0,2.0
1997,West,POR,49,24903500,11.0,19.0,5.0,10.0,8.0,5.0,1.0
1997,West,PHO,40,36140000,15.5,4.0,6.5,1.0,-11.5,-5.5,1.0
1997,West,LAC,36,23336500,18.0,22.0,8.0,12.0,4.0,4.0,1.0
1997,West,SAC,34,27820200,19.0,10.0,9.0,6.0,-9.0,-3.0,0.0
1997,West,GSW,30,30867000,21.5,6.0,10.0,2.0,-15.5,-8.0,0.0
1998,East,MIA,55,34641186,8.0,10.0,3.0,6.0,2.0,3.0,1.0
1998,East,NYK,43,53974881,14.5,2.0,7.5,2.0,-12.5,-5.5,2.0
1998,East,NJN,43,28504567,14.5,16.0,7.5,9.0,1.5,1.5,1.0
1998,East,WAS,42,40718075,16.0,4.0,9.0,4.0,-12.0,-5.0,0.0
1998,East,ORL,41,43954299,17.5,3.0,10.0,3.0,-14.5,-7.0,0.0
1998,East,BOS,36,26800500,20.5,22.0,12.5,11.0,1.5,-1.5,0.0
1998,East,PHI,31,28620520,22.0,14.0,14.0,8.0,-8.0,-6.0,0.0
1998,East,CHI,62,61330670,1.5,1.0,1.0,1.0,-0.5,0.0,5.0
1998,East,IND,58,39162273,5.0,5.0,2.0,5.0,0.0,3.0,3.0
1998,East,CHH,51,27006013,9.0,21.0,4.0,10.0,12.0,6.0,2.0
1998,East,ATL,50,30133827,10.0,12.0,5.0,7.0,2.0,2.0,1.0
1998,East,CLE,47,26677290,11.0,23.0,6.0,12.0,12.0,6.0,1.0
1998,East,DET,37,24876625,19.0,26.0,11.0,14.0,7.0,3.0,0.0
1998,East,MIL,36,25919828,20.5,25.0,12.5,13.0,4.5,0.5,0.0
1998,East,TOR,16,24748905,28.0,27.0,15.0,15.0,-1.0,0.0,0.0
1998,West,UTA,62,28505442,1.5,15.0,1.0,7.0,13.5,6.0,4.0
1998,West,SAS,56,38846163,6.5,6.0,4.5,1.0,-0.5,-3.5,2.0
1998,West,MIN,45,27787780,13.0,18.0,7.0,9.0,5.0,2.0,1.0
1998,West,HOU,41,28086350,17.5,17.0,8.0,8.0,-0.5,0.0,1.0
1998,West,DAL,20,27268948,24.0,20.0,10.0,11.0,-4.0,1.0,0.0
1998,West,VAN,19,23123350,25.5,29.0,11.5,14.0,3.5,2.5,0.0
1998,West,DEN,11,26518960,29.0,24.0,14.0,12.0,-5.0,-2.0,0.0
1998,West,SEA,61,37592175,3.5,7.0,2.5,2.0,3.5,-0.5,2.0
1998,West,LAL,61,36304583,3.5,9.0,2.5,4.0,5.5,1.5,3.0
1998,West,PHO,56,36937876,6.5,8.0,4.5,3.0,1.5,-1.5,1.0
1998,West,POR,46,27786719,12.0,19.0,6.0,10.0,7.0,4.0,1.0
1998,West,SAC,27,29546350,23.0,13.0,9.0,6.0,-10.0,-3.0,0.0
1998,West,GSW,19,32856469,25.5,11.0,11.5,5.0,-14.5,-6.5,0.0
1998,West,LAC,17,24493625,27.0,28.0,13.0,13.0,1.0,0.0,0.0
1999,East,MIA,33,42844000,5.0,7.0,2.0,5.0,2.0,3.0,1.0
1999,East,ORL,33,46118000,5.0,3.0,2.0,2.0,-2.0,0.0,1.0
1999,East,PHI,28,41509920,11.5,9.0,6.5,6.0,-2.5,-0.5,2.0
1999,East,NYK,27,59945400,14.0,1.0,8.0,1.0,-13.0,-7.0,4.0
1999,East,BOS,19,32258856,22.5,18.0,12.0,12.0,-4.5,0.0,0.0
1999,East,WAS,18,34018500,24.0,15.0,13.0,10.0,-9.0,-3.0,0.0
1999,East,NJN,16,43735000,25.0,5.0,14.0,4.0,-20.0,-10.0,0.0
1999,East,IND,33,45401500,5.0,4.0,2.0,3.0,-1.0,1.0,3.0
1999,East,ATL,31,40954940,8.0,10.0,4.0,7.0,2.0,3.0,2.0
1999,East,DET,29,34699620,10.0,13.0,5.0,8.0,3.0,3.0,1.0
1999,East,MIL,28,33703240,11.5,16.0,6.5,11.0,4.5,4.5,1.0
1999,East,CHH,26,29914500,16.0,25.0,9.0,13.0,9.0,4.0,0.0
1999,East,TOR,23,34368500,19.0,14.0,10.0,9.0,-5.0,-1.0,0.0
1999,East,CLE,22,27778000,20.0,29.0,11.0,15.0,9.0,4.0,0.0
1999,East,CHI,13,28640500,27.0,27.0,15.0,14.0,0.0,-1.0,0.0
1999,West,SAS,37,43681143,1.5,6.0,1.5,2.0,4.5,0.5,5.0
1999,West,UTA,37,30298560,1.5,23.0,1.5,11.0,21.5,9.5,2.0
1999,West,HOU,31,30297100,8.0,24.0,4.5,12.0,16.0,7.5,1.0
1999,West,MIN,25,32331480,17.5,17.0,8.5,6.0,-0.5,-2.5,1.0
1999,West,DAL,19,35565568,22.5,12.0,11.0,5.0,-10.5,-6.0,0.0
1999,West,DEN,14,29392200,26.0,26.0,12.0,13.0,0.0,1.0,0.0
1999,West,VAN,8,30793800,29.0,21.0,14.0,9.0,-8.0,-5.0,0.0
1999,West,POR,35,54725500,3.0,2.0,3.0,1.0,-1.0,-2.0,3.0
1999,West,LAL,31,41872000,8.0,8.0,4.5,3.0,0.0,-1.5,2.0
1999,West,PHO,27,36101500,14.0,11.0,6.5,4.0,-3.0,-2.5,1.0
1999,West,SAC,27,31692000,14.0,19.0,6.5,7.0,5.0,0.5,1.0
1999,West,SEA,25,30413082,17.5,22.0,8.5,10.0,4.5,1.5,0.0
1999,West,GSW,21,30985000,21.0,20.0,10.0,8.0,-1.0,-2.0,0.0
1999,West,LAC,9,28417580,28.0,28.0,13.0,14.0,0.0,1.0,0.0
2000,East,MIA,52,52496573,7.0,7.0,2.0,5.0,0.0,3.0,2.0
2000,East,NYK,50,72288001,8.5,2.0,3.0,1.0,-6.5,-2.0,3.0
2000,East,PHI,49,43890593,10.5,15.0,4.5,10.0,4.5,5.5,2.0
2000,East,ORL,41,41586801,17.0,20.0,9.0,12.0,3.0,3.0,0.0
2000,East,BOS,35,46152875,19.5,12.0,10.0,7.0,-7.5,-3.0,0.0
2000,East,NJN,31,53245461,23.0,5.0,12.0,3.0,-18.0,-9.0,0.0
2000,East,WAS,29,53194441,24.0,6.0,13.0,4.0,-18.0,-9.0,0.0
2000,East,IND,56,54988605,3.0,4.0,1.0,2.0,1.0,1.0,4.0
2000,East,CHH,49,38619012,10.5,23.0,4.5,13.0,12.5,8.5,1.0
2000,East,TOR,45,34730320,12.5,27.0,6.0,14.0,14.5,8.0,1.0
2000,East,DET,42,42141801,15.5,19.0,7.5,11.0,3.5,3.5,1.0
2000,East,MIL,42,44680197,15.5,13.0,7.5,8.0,-2.5,0.5,1.0
2000,East,CLE,32,46547966,22.0,10.0,11.0,6.0,-12.0,-5.0,0.0
2000,East,ATL,28,44169202,25.0,14.0,14.0,9.0,-11.0,-5.0,0.0
2000,East,CHI,17,27032368,28.0,28.0,15.0,15.0,0.0,0.0,0.0
2000,West,UTA,55,50348426,4.0,9.0,3.0,4.0,5.0,1.0,2.0
2000,West,SAS,53,42529801,5.5,18.0,4.5,8.0,12.5,3.5,1.0
2000,West,MIN,50,42642272,8.5,17.0,6.0,7.0,8.5,1.0,1.0
2000,West,DAL,40,40014500,18.0,22.0,9.0,10.0,4.0,1.0,0.0
2000,West,DEN,35,43205814,19.5,16.0,10.0,6.0,-3.5,-4.0,0.0
2000,West,HOU,34,52269367,21.0,8.0,11.0,3.0,-13.0,-8.0,0.0
2000,West,VAN,22,37432688,26.0,25.0,12.0,12.0,-1.0,0.0,0.0
2000,West,LAL,67,55018533,1.0,3.0,1.0,2.0,2.0,1.0,5.0
2000,West,POR,59,73898705,2.0,1.0,2.0,1.0,-1.0,-1.0,3.0
2000,West,PHO,53,46544037,5.5,11.0,4.5,5.0,5.5,0.5,2.0
2000,West,SEA,45,38258910,12.5,24.0,7.0,11.0,11.5,4.0,1.0
2000,West,SAC,44,40113125,14.0,21.0,8.0,9.0,7.0,1.0,1.0
2000,West,GSW,19,36133518,27.0,26.0,13.0,13.0,-1.0,0.0,0.0
2000,West,LAC,15,22489343,29.0,29.0,14.0,14.0,0.0,0.0,0.0
2001,East,PHI,56,51085458,2.5,16.0,1.0,8.0,13.5,7.0,4.0
2001,East,MIA,50,73472329,9.5,3.0,3.0,2.0,-6.5,-1.0,1.0
2001,East,NYK,48,74007738,11.0,2.0,4.0,1.0,-9.0,-3.0,1.0
2001,East,ORL,43,37459860,17.0,27.0,7.0,14.0,10.0,7.0,1.0
2001,East,BOS,36,51478707,20.0,14.0,9.0,7.0,-6.0,-2.0,0.0
2001,East,NJN,26,68977578,24.0,4.0,12.0,3.0,-20.0,-9.0,0.0
2001,East,WAS,19,59085969,27.0,5.0,14.0,4.0,-22.0,-10.0,0.0
2001,East,MIL,52,57819318,7.0,7.0,2.0,5.0,0.0,3.0,3.0
2001,East,TOR,47,38313749,12.5,26.0,5.0,13.0,13.5,8.0,2.0
2001,East,CHH,46,46441558,14.0,21.0,6.0,10.0,7.0,4.0,2.0
2001,East,IND,41,55086140,18.0,9.0,8.0,6.0,-9.0,-2.0,1.0
2001,East,DET,32,40475338,21.0,24.0,10.0,11.0,3.0,1.0,0.0
2001,East,CLE,30,49780549,23.0,17.0,11.0,9.0,-6.0,-2.0,0.0
2001,East,ATL,25,39297129,25.0,25.0,13.0,12.0,0.0,-1.0,0.0
2001,East,CHI,15,29691907,29.0,28.0,15.0,15.0,-1.0,0.0,0.0
2001,West,SAS,58,57215938,1.0,8.0,1.0,3.0,7.0,2.0,3.0
2001,West,UTA,53,53893860,5.5,11.0,4.5,5.0,5.5,0.5,1.0
2001,West,DAL,53,51445574,5.5,15.0,4.5,8.0,9.5,3.5,2.0
2001,West,MIN,47,47488500,12.5,20.0,8.0,11.0,7.5,3.0,1.0
2001,West,HOU,45,49283309,15.0,18.0,9.0,9.0,3.0,0.0,0.0
2001,West,DEN,40,52189220,19.0,12.0,11.0,6.0,-7.0,-5.0,0.0
2001,West,VAN,23,48899840,26.0,19.0,13.0,10.0,-7.0,-3.0,0.0
2001,West,LAL,56,58968213,2.5,6.0,2.0,2.0,3.5,0.0,5.0
2001,West,SAC,55,46266289,4.0,22.0,3.0,12.0,18.0,9.0,2.0
2001,West,PHO,51,53906347,8.0,10.0,6.0,4.0,2.0,-2.0,1.0
2001,West,POR,50,87395140,9.5,1.0,7.0,1.0,-8.5,-6.0,1.0
2001,West,SEA,44,51538658,16.0,13.0,10.0,7.0,-3.0,-3.0,0.0
2001,West,LAC,31,29606189,22.0,29.0,12.0,14.0,7.0,2.0,0.0
2001,West,GSW,17,42363018,28.0,23.0,14.0,13.0,-5.0,-1.0,0.0
2002,East,NJN,52,75193712,5.0,3.0,1.0,2.0,-2.0,1.0,4.0
2002,East,BOS,49,47515677,8.5,22.0,3.0,11.0,13.5,8.0,3.0
2002,East,ORL,44,45984001,12.0,23.0,4.5,12.0,11.0,7.5,1.0
2002,East,PHI,43,58073366,14.0,4.0,6.0,3.0,-10.0,-3.0,1.0
2002,East,WAS,37,54776087,19.0,10.0,10.0,5.0,-9.0,-5.0,0.0
2002,East,MIA,36,53351186,20.5,14.0,11.0,7.0,-6.5,-4.0,0.0
2002,East,NYK,30,85993039,23.0,1.0,13.0,1.0,-22.0,-12.0,0.0
2002,East,DET,50,42417677,6.5,28.0,2.0,15.0,21.5,13.0,2.0
2002,East,CHH,44,49999445,12.0,19.0,4.5,10.0,7.0,5.5,2.0
2002,East,TOR,42,52657161,15.5,15.0,7.5,8.0,-0.5,0.5,1.0
2002,East,IND,42,53398621,15.5,13.0,7.5,6.0,-2.5,-1.5,1.0
2002,East,MIL,41,56224266,17.0,7.0,9.0,4.0,-10.0,-5.0,0.0
2002,East,ATL,33,51525207,22.0,17.0,12.0,9.0,-5.0,-3.0,0.0
2002,East,CLE,29,45649974,24.0,25.0,14.0,13.0,1.0,-1.0,0.0
2002,East,CHI,21,42592857,28.5,27.0,15.0,14.0,-1.5,-1.0,0.0
2002,West,SAS,58,45844814,2.5,24.0,2.5,12.0,21.5,9.5,2.0
2002,West,DAL,57,57960080,4.0,5.0,4.0,2.0,1.0,-2.0,2.0
2002,West,MIN,50,55093782,6.5,8.0,5.0,4.0,1.5,-1.0,1.0
2002,West,UTA,44,52642362,12.0,16.0,8.0,8.0,4.0,0.0,1.0
2002,West,HOU,28,49168169,25.0,20.0,11.0,10.0,-5.0,-1.0,0.0
2002,West,DEN,27,54460475,26.0,11.0,12.0,6.0,-15.0,-6.0,0.0
2002,West,MEM,23,50920631,27.0,18.0,13.0,9.0,-9.0,-4.0,0.0
2002,West,SAC,61,54921012,1.0,9.0,1.0,5.0,8.0,4.0,3.0
2002,West,LAL,58,54262017,2.5,12.0,2.5,7.0,9.5,4.5,5.0
2002,West,POR,49,84292850,8.5,2.0,6.0,1.0,-6.5,-5.0,1.0
2002,West,SEA,45,45556733,10.0,26.0,7.0,13.0,16.0,6.0,1.0
2002,West,LAC,39,33849932,18.0,29.0,9.0,14.0,11.0,5.0,0.0
2002,West,PHO,36,56596369,20.5,6.0,10.0,3.0,-14.5,-7.0,0.0
2002,West,GSW,21,47681152,28.5,21.0,14.0,11.0,-7.5,-3.0,0.0
2003,East,NJN,49,60412919,8.0,8.0,2.0,3.0,0.0,1.0,4.0
2003,East,PHI,48,64822487,9.5,5.0,3.5,2.0,-4.5,-1.5,2.0
2003,East,BOS,44,52548195,13.5,18.0,6.0,9.0,4.5,3.0,2.0
2003,East,ORL,42,50435346,16.5,20.0,7.5,10.0,3.5,2.5,1.0
2003,East,WAS,37,46691190,20.5,26.0,9.5,13.0,5.5,3.5,0.0
2003,East,NYK,37,93452379,20.5,2.0,9.5,1.0,-18.5,-8.5,0.0
2003,East,MIA,25,57378326,26.0,11.0,13.0,5.0,-15.0,-8.0,0.0
2003,East,DET,50,47777888,6.0,24.0,1.0,12.0,18.0,11.0,3.0
2003,East,IND,48,53472323,9.5,15.0,3.5,8.0,5.5,4.5,1.0
2003,East,NOH,47,44458882,11.5,28.0,5.0,15.0,16.5,10.0,1.0
2003,East,MIL,42,57995152,16.5,10.0,7.5,4.0,-6.5,-3.5,1.0
2003,East,ATL,35,55711549,22.0,12.0,11.0,6.0,-10.0,-5.0,0.0
2003,East,CHI,30,44531095,23.0,27.0,12.0,14.0,4.0,2.0,0.0
2003,East,TOR,24,55408207,27.0,13.0,14.0,7.0,-14.0,-7.0,0.0
2003,East,CLE,17,49610448,28.5,22.0,15.0,11.0,-6.5,-4.0,0.0
2003,West,SAS,60,53182559,1.5,16.0,1.5,8.0,14.5,6.5,5.0
2003,West,DAL,60,72940316,1.5,3.0,1.5,2.0,1.5,0.5,3.0
2003,West,MIN,51,59518801,4.0,9.0,4.0,6.0,5.0,2.0,1.0
2003,West,UTA,47,50934629,11.5,19.0,7.0,10.0,7.5,3.0,1.0
2003,West,HOU,43,50181239,15.0,21.0,9.0,11.0,6.0,2.0,0.0
2003,West,MEM,28,61009172,24.0,7.0,12.0,5.0,-17.0,-7.0,0.0
2003,West,DEN,17,49109209,28.5,23.0,14.0,12.0,-5.5,-2.0,0.0
2003,West,SAC,59,70416596,3.0,4.0,3.0,3.0,1.0,0.0,2.0
2003,West,LAL,50,63151182,6.0,6.0,5.5,4.0,0.0,-1.5,2.0
2003,West,POR,50,105595657,6.0,1.0,5.5,1.0,-5.0,-4.5,1.0
2003,West,PHO,44,55225080,13.5,14.0,8.0,7.0,0.5,-1.0,1.0
2003,West,SEA,40,53167479,18.0,17.0,10.0,9.0,-1.0,-1.0,0.0
2003,West,GSW,38,47737715,19.0,25.0,11.0,13.0,6.0,2.0,0.0
2003,West,LAC,27,42955777,25.0,29.0,13.0,14.0,4.0,1.0,0.0
2004,East,NJN,47,63697123,9.0,9.0,3.0,3.0,0.0,0.0,2.0
2004,East,MIA,42,47349374,12.5,23.0,4.0,13.0,10.5,9.0,2.0
2004,East,NYK,39,89444820,17.0,1.0,7.0,1.0,-16.0,-6.0,1.0
2004,East,BOS,36,60185915,20.0,12.0,8.0,6.0,-8.0,-2.0,1.0
2004,East,PHI,33,60411079,22.5,11.0,10.5,5.0,-11.5,-5.5,0.0
2004,East,WAS,25,45682902,27.0,26.0,13.0,15.0,-1.0,2.0,0.0
2004,East,ORL,21,50588419,29.0,21.0,15.0,11.0,-8.0,-4.0,0.0
2004,East,IND,61,58156236,1.0,13.0,1.0,7.0,12.0,6.0,3.0
2004,East,DET,54,53442834,6.0,17.0,2.0,9.0,11.0,7.0,5.0
2004,East,NOH,41,49800204,15.0,22.0,5.5,12.0,7.0,6.5,1.0
2004,East,MIL,41,53229826,15.0,19.0,5.5,10.0,4.0,4.5,1.0
2004,East,CLE,35,46186472,21.0,25.0,9.0,14.0,4.0,5.0,0.0
2004,East,TOR,33,63033243,22.5,10.0,10.5,4.0,-12.5,-6.5,0.0
2004,East,ATL,28,64497340,25.5,7.0,12.0,2.0,-18.5,-10.0,0.0
2004,East,CHI,23,55489797,28.0,15.0,14.0,8.0,-13.0,-6.0,0.0
2004,West,MIN,58,71272042,2.0,4.0,1.0,3.0,2.0,2.0,3.0
2004,West,SAS,57,46464064,3.0,24.0,2.0,11.0,21.0,9.0,2.0
2004,West,DAL,52,79536723,7.0,3.0,5.0,2.0,-4.0,-3.0,1.0
2004,West,MEM,50,57378323,8.0,14.0,6.0,7.0,6.0,1.0,1.0
2004,West,HOU,45,55401430,10.0,16.0,7.0,8.0,6.0,1.0,1.0
2004,West,DEN,43,39398646,11.0,27.0,8.0,12.0,16.0,4.0,1.0
2004,West,UTA,42,34747674,12.5,29.0,9.0,14.0,16.5,5.0,0.0
2004,West,LAL,56,64123085,4.0,8.0,3.0,6.0,4.0,3.0,4.0
2004,West,SAC,55,68372826,5.0,5.0,4.0,4.0,0.0,0.0,2.0
2004,West,POR,41,82956768,15.0,2.0,10.0,1.0,-13.0,-9.0,0.0
2004,West,GSW,37,53376708,18.5,18.0,11.5,9.0,-0.5,-2.5,0.0
2004,West,SEA,37,52347476,18.5,20.0,11.5,10.0,1.5,-1.5,0.0
2004,West,PHO,29,66931770,24.0,6.0,13.0,5.0,-18.0,-8.0,0.0
2004,West,LAC,28,39114363,25.5,28.0,14.0,13.0,2.5,-1.0,0.0
2005,East,BOS,45,64577356,12.0,10.0,4.5,5.0,-2.0,0.5,1.0
2005,East,PHI,43,71951878,16.0,4.0,7.0,2.0,-12.0,-5.0,1.0
2005,East,NJN,42,54983980,17.5,18.0,8.5,10.0,0.5,1.5,1.0
2005,East,TOR,33,61703775,23.5,12.0,11.5,6.0,-11.5,-5.5,0.0
2005,East,NYK,33,102567539,23.5,1.0,11.5,1.0,-22.5,-10.5,0.0
2005,East,DET,54,54762481,5.0,20.0,2.0,11.0,15.0,9.0,4.0
2005,East,CHI,47,57276129,10.0,16.0,3.0,9.0,6.0,6.0,1.0
2005,East,IND,44,66064780,14.5,8.0,6.0,4.0,-6.5,-2.0,2.0
2005,East,CLE,42,49175274,17.5,23.0,8.5,13.0,5.5,4.5,0.0
2005,East,MIL,30,57448246,25.0,15.0,13.0,8.0,-10.0,-5.0,0.0
2005,East,MIA,59,59523529,2.5,14.0,1.0,7.0,11.5,6.0,3.0
2005,East,WAS,45,49797050,12.0,22.0,4.5,12.0,10.0,7.5,2.0
2005,East,ORL,36,66445249,20.0,7.0,10.0,3.0,-13.0,-7.0,0.0
2005,East,CHA,18,23922578,28.5,30.0,14.0,15.0,1.5,1.0,0.0
2005,East,ATL,13,41059616,30.0,29.0,15.0,14.0,-1.0,-1.0,0.0
2005,West,SEA,52,53821301,6.0,21.0,4.0,10.0,15.0,6.0,2.0
2005,West,DEN,49,46101759,9.0,25.0,7.0,12.0,16.0,5.0,1.0
2005,West,MIN,44,70123411,14.5,5.0,9.0,3.0,-9.5,-6.0,0.0
2005,West,POR,27,83671309,26.0,3.0,13.0,2.0,-23.0,-11.0,0.0
2005,West,UTA,26,43515760,27.0,28.0,14.0,15.0,1.0,1.0,0.0
2005,West,PHO,62,44598682,1.0,27.0,1.0,14.0,26.0,13.0,3.0
2005,West,SAC,50,61807688,8.0,11.0,6.0,6.0,3.0,0.0,1.0
2005,West,LAC,37,45483265,19.0,26.0,10.0,13.0,7.0,3.0,0.0
2005,West,LAL,34,65059098,21.5,9.0,11.5,5.0,-12.5,-6.5,0.0
2005,West,GSW,34,54943723,21.5,19.0,11.5,9.0,-2.5,-2.5,0.0
2005,West,SAS,59,47504123,2.5,24.0,2.0,11.0,21.5,9.0,5.0
2005,West,DAL,58,91908443,4.0,2.0,3.0,1.0,-2.0,-2.0,2.0
2005,West,HOU,51,60284303,7.0,13.0,5.0,7.0,6.0,2.0,1.0
2005,West,MEM,45,67010830,12.0,6.0,8.0,4.0,-6.0,-4.0,1.0
2005,West,NOH,18,56572882,28.5,17.0,15.0,8.0,-11.5,-7.0,0.0
2006,East,NJN,49,66449350,7.5,9.0,4.0,5.0,1.5,1.0,2.0
2006,East,PHI,38,84807300,18.5,3.0,9.0,2.0,-15.5,-7.0,0.0
2006,East,BOS,33,56907300,24.5,21.0,11.0,11.0,-3.5,0.0,0.0
2006,East,TOR,27,62411884,26.0,13.0,12.0,7.0,-13.0,-5.0,0.0
2006,East,NYK,23,126631098,29.0,1.0,15.0,1.0,-28.0,-14.0,0.0
2006,East,DET,64,59619275,1.0,17.0,1.0,9.0,16.0,8.0,3.0
2006,East,CLE,50,51303962,6.0,26.0,3.0,13.0,20.0,10.0,2.0
2006,East,IND,41,78791779,15.0,4.0,6.5,3.0,-11.0,-3.5,1.0
2006,East,CHI,41,57166530,15.0,19.0,6.5,10.0,4.0,3.5,1.0
2006,East,MIL,40,63022514,17.0,11.0,8.0,6.0,-6.0,-2.0,1.0
2006,East,MIA,52,60732452,5.0,15.0,2.0,8.0,10.0,6.0,5.0
2006,East,WAS,42,54555947,13.0,23.0,5.0,12.0,10.0,7.0,1.0
2006,East,ORL,36,75784782,20.0,5.0,10.0,4.0,-15.0,-6.0,0.0
2006,East,CHA,26,33458932,27.5,30.0,13.5,15.0,2.5,1.5,0.0
2006,East,ATL,26,42944553,27.5,28.0,13.5,14.0,0.5,0.5,0.0
2006,West,DEN,44,56492172,11.5,22.0,7.5,11.0,10.5,3.5,1.0
2006,West,UTA,41,57372902,15.0,18.0,9.0,9.0,3.0,0.0,0.0
2006,West,SEA,35,49253379,21.0,27.0,11.0,14.0,6.0,3.0,0.0
2006,West,MIN,33,61830186,24.5,14.0,14.0,7.0,-10.5,-7.0,0.0
2006,West,POR,21,60017964,30.0,16.0,15.0,8.0,-14.0,-7.0,0.0
2006,West,PHO,54,53626924,4.0,24.0,3.0,12.0,20.0,9.0,3.0
2006,West,LAC,47,51358645,9.0,25.0,5.0,13.0,16.0,8.0,2.0
2006,West,LAL,45,72917945,10.0,6.0,6.0,2.0,-4.0,-4.0,1.0
2006,West,SAC,44,62811975,11.5,12.0,7.5,6.0,0.5,-1.5,1.0
2006,West,GSW,34,57114566,22.5,20.0,12.5,10.0,-2.5,-2.5,0.0
2006,West,SAS,63,63570274,2.0,10.0,1.0,5.0,8.0,4.0,2.0
2006,West,DAL,60,98454832,3.0,2.0,2.0,1.0,-1.0,-1.0,4.0
2006,West,MEM,49,67525538,7.5,8.0,4.0,4.0,0.5,0.0,1.0
2006,West,NOK,38,41277617,18.5,29.0,10.0,15.0,10.5,5.0,0.0
2006,West,HOU,34,69257404,22.5,7.0,12.5,3.0,-15.5,-9.5,0.0
2007,East,TOR,47,51015491,9.0,28.0,4.0,13.0,19.0,9.0,1.0
2007,East,NJN,41,64486110,14.5,11.0,6.5,3.0,-3.5,-3.5,2.0
2007,East,PHI,35,69140163,19.5,5.0,9.5,2.0,-14.5,-7.5,0.0
2007,East,NYK,33,117350866,22.0,1.0,11.5,1.0,-21.0,-10.5,0.0
2007,East,BOS,24,62981479,29.0,18.0,15.0,8.0,-11.0,-7.0,0.0
2007,East,DET,53,59010951,4.0,24.0,1.0,11.0,20.0,10.0,3.0
2007,East,CLE,50,62992729,7.0,17.0,2.0,7.0,10.0,5.0,4.0
2007,East,CHI,49,54754904,8.0,26.0,3.0,12.0,18.0,9.0,2.0
2007,East,IND,35,63118965,19.5,16.0,9.5,6.0,-3.5,-3.5,0.0
2007,East,MIL,28,63498518,28.0,15.0,14.0,5.0,-13.0,-9.0,0.0
2007,East,MIA,44,64416312,11.0,12.0,5.0,4.0,1.0,-1.0,1.0
2007,East,WAS,41,62733705,14.5,19.0,6.5,9.0,4.5,2.5,1.0
2007,East,ORL,40,61447108,16.5,22.0,8.0,10.0,5.5,2.0,1.0
2007,East,CHA,33,41964046,22.0,30.0,11.5,15.0,8.0,3.5,0.0
2007,East,ATL,30,48581972,27.0,29.0,13.0,14.0,2.0,1.0,0.0
2007,West,UTA,51,62364364,6.0,20.0,5.0,11.0,14.0,6.0,3.0
2007,West,DEN,45,65517776,10.0,9.0,6.0,7.0,-1.0,1.0,1.0
2007,West,POR,32,75026386,24.5,4.0,12.5,3.0,-20.5,-9.5,0.0
2007,West,MIN,32,66820673,24.5,6.0,12.5,4.0,-18.5,-8.5,0.0
2007,West,SEA,31,56986831,26.0,25.0,14.0,14.0,-1.0,0.0,0.0
2007,West,PHO,61,65841120,2.0,7.0,2.0,5.0,5.0,3.0,2.0
2007,West,LAL,42,77099949,12.5,3.0,7.5,2.0,-9.5,-5.5,1.0
2007,West,GSW,42,65012368,12.5,10.0,7.5,8.0,-2.5,0.5,2.0
2007,West,LAC,40,59181038,16.5,23.0,9.0,13.0,6.5,4.0,0.0
2007,West,SAC,33,64296611,22.0,13.0,11.0,9.0,-9.0,-2.0,0.0
2007,West,DAL,67,88531846,1.0,2.0,1.0,1.0,1.0,0.0,1.0
2007,West,SAS,58,65654320,3.0,8.0,3.0,6.0,5.0,3.0,5.0
2007,West,HOU,52,63837566,5.0,14.0,4.0,10.0,9.0,6.0,1.0
2007,West,NOK,39,53748991,18.0,27.0,10.0,15.0,9.0,5.0,0.0
2007,West,MEM,22,61960489,30.0,21.0,15.0,12.0,-9.0,-3.0,0.0
2008,East,BOS,66,74509455,1.0,6.0,1.0,4.0,5.0,3.0,5.0
2008,East,TOR,41,66042375,15.5,15.0,6.0,7.0,-0.5,1.0,1.0
2008,East,PHI,40,74038229,17.0,7.0,7.0,5.0,-10.0,-2.0,1.0
2008,East,NJN,34,61836211,21.0,25.0,10.0,12.0,4.0,2.0,0.0
2008,East,NYK,23,96190114,25.5,2.0,14.0,1.0,-23.5,-13.0,0.0
2008,East,DET,59,65898875,2.0,16.0,2.0,8.0,14.0,6.0,3.0
2008,East,CLE,45,82217583,13.0,4.0,4.0,2.0,-9.0,-2.0,2.0
2008,East,IND,36,66260246,20.0,14.0,9.0,6.0,-6.0,-3.0,0.0
2008,East,CHI,33,63084166,22.0,21.0,11.0,10.0,-1.0,-1.0,0.0
2008,East,MIL,26,62571522,24.0,23.0,13.0,11.0,-1.0,-2.0,0.0
2008,East,ORL,52,58165973,9.0,27.0,3.0,13.0,18.0,10.0,2.0
2008,East,WAS,43,65278996,14.0,17.0,5.0,9.0,3.0,4.0,1.0
2008,East,ATL,37,55501133,19.0,28.0,8.0,14.0,9.0,6.0,1.0
2008,East,CHA,32,53745468,23.0,30.0,12.0,15.0,7.0,3.0,0.0
2008,East,MIA,15,74767603,30.0,5.0,15.0,3.0,-25.0,-12.0,0.0
2008,West,UTA,54,64959089,8.0,18.0,6.0,9.0,10.0,3.0,2.0
2008,West,DEN,50,82958227,11.0,3.0,8.0,2.0,-8.0,-6.0,1.0
2008,West,POR,41,73241335,15.5,8.0,10.0,3.0,-7.5,-7.0,0.0
2008,West,MIN,22,69043895,27.5,13.0,13.5,8.0,-14.5,-5.5,0.0
2008,West,SEA,20,60861388,29.0,26.0,15.0,14.0,-3.0,-1.0,0.0
2008,West,LAL,57,72626796,3.0,9.0,1.0,4.0,6.0,3.0,4.0
2008,West,PHO,55,71323049,6.5,10.0,4.5,5.0,3.5,0.5,1.0
2008,West,GSW,48,62148303,12.0,24.0,9.0,13.0,12.0,4.0,0.0
2008,West,SAC,38,63403225,18.0,20.0,11.0,11.0,2.0,0.0,0.0
2008,West,LAC,23,64847945,25.5,19.0,12.0,10.0,-6.5,-2.0,0.0
2008,West,NOH,56,62609991,4.5,22.0,2.5,12.0,17.5,9.5,2.0
2008,West,SAS,56,70048523,4.5,11.0,2.5,6.0,6.5,3.5,3.0
2008,West,HOU,55,69894114,6.5,12.0,4.5,7.0,5.5,2.5,1.0
2008,West,DAL,51,101694879,10.0,1.0,7.0,1.0,-9.0,-6.0,1.0
2008,West,MEM,22,54118526,27.5,29.0,13.5,15.0,1.5,1.5,0.0
2009,East,BOS,62,79188973,3.0,5.0,2.0,3.0,2.0,1.0,2.0
2009,East,PHI,41,68301007,15.5,19.0,6.5,11.0,3.5,4.5,1.0
2009,East,NJN,34,62666523,20.5,29.0,11.5,15.0,8.5,3.5,0.0
2009,East,TOR,33,73446970,22.0,8.0,13.0,4.0,-14.0,-9.0,0.0
2009,East,NYK,32,96643646,23.0,1.0,14.0,1.0,-22.0,-13.0,0.0
2009,East,CLE,66,91298233,1.0,3.0,1.0,2.0,2.0,1.0,3.0
2009,East,CHI,41,68126774,15.5,21.0,6.5,13.0,5.5,6.5,1.0
2009,East,DET,39,71434174,17.0,10.0,8.0,5.0,-7.0,-3.0,1.0
2009,East,IND,36,69668818,18.0,16.0,9.0,10.0,-2.0,1.0,0.0
2009,East,MIL,34,71360656,20.5,11.0,11.5,6.0,-9.5,-5.5,0.0
2009,East,ORL,59,69672979,4.0,15.0,3.0,9.0,11.0,6.0,4.0
2009,East,ATL,47,68168841,12.0,20.0,4.0,12.0,8.0,8.0,2.0
2009,East,MIA,43,70297059,14.0,13.0,5.0,8.0,-1.0,3.0,1.0
2009,East,CHA,35,62866926,19.0,27.0,10.0,14.0,8.0,4.0,0.0
2009,East,WAS,19,70743317,28.5,12.0,15.0,7.0,-16.5,-8.0,0.0
2009,West,DEN,54,70121003,6.0,14.0,3.0,6.0,8.0,3.0,3.0
2009,West,POR,54,80260059,6.0,4.0,3.0,2.0,-2.0,-1.0,1.0
2009,West,UTA,48,65841407,11.0,26.0,8.0,13.0,15.0,5.0,1.0
2009,West,MIN,24,66445144,25.5,25.0,11.5,12.0,-0.5,0.5,0.0
2009,West,OKC,23,68341605,27.0,18.0,13.0,8.0,-9.0,-5.0,0.0
2009,West,LAL,65,78245793,2.0,6.0,1.0,3.0,4.0,2.0,5.0
2009,West,PHO,46,76130408,13.0,7.0,9.0,4.0,-6.0,-5.0,0.0
2009,West,GSW,29,67416431,24.0,24.0,10.0,11.0,0.0,1.0,0.0
2009,West,LAC,19,62764206,28.5,28.0,14.0,14.0,-0.5,0.0,0.0
2009,West,SAC,17,69204512,30.0,17.0,15.0,7.0,-13.0,-8.0,0.0
2009,West,SAS,54,68020487,6.0,22.0,3.0,9.0,16.0,6.0,1.0
2009,West,HOU,53,73302272,8.0,9.0,5.0,5.0,1.0,0.0,2.0
2009,West,DAL,50,95045559,9.0,2.0,6.0,1.0,-7.0,-5.0,2.0
2009,West,NOH,49,67530808,10.0,23.0,7.0,10.0,13.0,3.0,1.0
2009,West,MEM,24,55958148,25.5,30.0,11.5,15.0,4.5,3.5,0.0
2010,East,BOS,50,83552174,10.5,4.0,4.0,2.0,-6.5,-2.0,4.0
2010,East,TOR,40,67822433,18.5,16.0,9.0,9.0,-2.5,0.0,0.0
2010,East,NYK,29,85710076,22.5,3.0,11.0,1.0,-19.5,-10.0,0.0
2010,East,PHI,27,64883448,24.5,23.0,12.5,13.0,-1.5,0.5,0.0
2010,East,NJN,12,59366715,30.0,27.0,15.0,15.0,-3.0,0.0,0.0
2010,East,CLE,61,83398534,1.0,5.0,1.0,3.0,4.0,2.0,2.0
2010,East,MIL,46,66775602,14.0,18.0,6.0,10.0,4.0,4.0,1.0
2010,East,CHI,41,69700359,17.0,13.0,8.0,7.0,-4.0,-1.0,1.0
2010,East,IND,32,66733257,21.0,19.0,10.0,11.0,-2.0,1.0,0.0
2010,East,DET,27,60185833,24.5,26.0,12.5,14.0,1.5,1.5,0.0
2010,East,ORL,59,82200916,2.0,6.0,2.0,4.0,4.0,2.0,3.0
2010,East,ATL,53,65883642,7.0,20.0,3.0,12.0,13.0,9.0,2.0
2010,East,MIA,47,74208013,13.0,9.0,5.0,5.0,-4.0,0.0,1.0
2010,East,CHA,44,68681758,15.0,15.0,7.0,8.0,0.0,1.0,1.0
2010,East,WAS,26,73440274,26.5,10.0,14.0,6.0,-16.5,-8.0,0.0
2010,West,DEN,53,74935538,7.0,8.0,4.5,4.0,1.0,-0.5,1.0
2010,West,UTA,53,71905244,7.0,11.0,4.5,5.0,4.0,0.5,2.0
2010,West,POR,50,56946258,10.5,30.0,7.0,15.0,19.5,8.0,1.0
2010,West,OKC,50,58438646,10.5,28.0,7.0,13.0,17.5,6.0,1.0
2010,West,MIN,15,62253360,29.0,24.0,15.0,11.0,-5.0,-4.0,0.0
2010,West,LAL,57,91378064,3.0,1.0,1.0,1.0,-2.0,0.0,5.0
2010,West,PHO,54,65288544,5.0,22.0,3.0,10.0,17.0,7.0,3.0
2010,West,LAC,29,61616409,22.5,25.0,12.0,12.0,2.5,0.0,0.0
2010,West,GSW,26,65352372,26.5,21.0,13.0,9.0,-5.5,-4.0,0.0
2010,West,SAC,25,67515718,28.0,17.0,14.0,8.0,-11.0,-6.0,0.0
2010,West,DAL,55,88916075,4.0,2.0,2.0,2.0,-2.0,0.0,1.0
2010,West,SAS,50,79338309,10.5,7.0,7.0,3.0,-3.5,-4.0,2.0
2010,West,HOU,42,68914971,16.0,14.0,9.0,7.0,-2.0,-2.0,0.0
2010,West,MEM,40,57287474,18.5,29.0,10.0,14.0,10.5,4.0,0.0
2010,West,NOH,37,70163827,20.0,12.0,11.0,6.0,-8.0,-5.0,0.0
2011,East,BOS,56,82045867,6.0,4.0,3.0,2.0,-2.0,-1.0,2.0
2011,East,NYK,42,67016562,15.0,17.0,6.0,7.0,2.0,1.0,1.0
2011,East,PHI,41,68915246,16.0,13.0,7.0,6.0,-3.0,-1.0,1.0
2011,East,NJN,24,58495989,25.5,23.0,12.0,12.0,-2.5,0.0,0.0
2011,East,TOR,22,69992648,28.0,10.0,14.0,4.0,-18.0,-10.0,0.0
2011,East,CHI,62,54538076,1.0,26.0,1.0,14.0,25.0,13.0,3.0
2011,East,IND,37,65088630,19.0,22.0,8.0,11.0,3.0,3.0,1.0
2011,East,MIL,35,69076690,21.0,12.0,9.0,5.0,-9.0,-4.0,0.0
2011,East,DET,30,65517821,24.0,21.0,11.0,10.0,-3.0,-1.0,0.0
2011,East,CLE,19,53990021,29.0,27.0,15.0,15.0,-2.0,0.0,0.0
2011,East,MIA,58,66205855,3.0,19.0,2.0,9.0,16.0,7.0,4.0
2011,East,ORL,52,90770804,8.0,2.0,4.0,1.0,-6.0,-3.0,1.0
2011,East,ATL,44,71469843,13.0,8.0,5.0,3.0,-5.0,-2.0,2.0
2011,East,CHA,34,66542696,22.0,18.0,10.0,8.0,-4.0,-2.0,0.0
2011,East,WAS,23,58324988,27.0,24.0,13.0,13.0,-3.0,0.0,0.0
2011,West,OKC,55,55922488,7.0,25.0,4.0,12.0,18.0,8.0,3.0
2011,West,DEN,50,68019290,9.0,16.0,5.0,10.0,7.0,5.0,1.0
2011,West,POR,48,74584058,10.0,6.0,6.0,4.0,-4.0,-2.0,1.0
2011,West,UTA,39,75855296,18.0,5.0,11.0,3.0,-13.0,-8.0,0.0
2011,West,MIN,17,53461123,30.0,28.0,15.0,13.0,-2.0,-2.0,0.0
2011,West,LAL,57,91428140,4.5,1.0,2.5,1.0,-3.5,-1.5,2.0
2011,West,PHO,40,65979054,17.0,20.0,10.0,11.0,3.0,1.0,0.0
2011,West,GSW,36,68415336,20.0,14.0,12.0,8.0,-6.0,-4.0,0.0
2011,West,LAC,32,53225329,23.0,29.0,13.0,14.0,6.0,1.0,0.0
2011,West,SAC,24,45268465,25.5,30.0,14.0,15.0,4.5,1.0,0.0
2011,West,SAS,61,69522311,2.0,11.0,1.0,7.0,9.0,6.0,1.0
2011,West,DAL,57,85409890,4.5,3.0,2.5,2.0,-1.5,-0.5,5.0
2011,West,NOH,46,68230729,11.5,15.0,7.5,9.0,3.5,1.5,1.0
2011,West,MEM,46,70241344,11.5,9.0,7.5,6.0,-2.5,-1.5,2.0
2011,West,HOU,43,72315654,14.0,7.0,9.0,5.0,-7.0,-4.0,0.0
2012,East,BOS,39,79820530,10.0,4.0,5.0,2.0,-6.0,-3.0,3.0
2012,East,NYK,36,76208092,14.0,6.0,7.0,3.0,-8.0,-4.0,1.0
2012,East,PHI,35,66672368,16.0,15.0,8.0,8.0,-1.0,0.0,2.0
2012,East,TOR,23,55063049,23.5,28.0,11.0,14.0,4.5,3.0,0.0
2012,East,NJN,22,65281235,25.5,17.0,12.0,9.0,-8.5,-3.0,0.0
2012,East,CHI,50,69548447,1.5,13.0,1.0,7.0,11.5,6.0,1.0
2012,East,IND,42,51554083,5.0,29.0,3.0,15.0,24.0,12.0,2.0
2012,East,MIL,31,60192388,19.0,20.0,9.0,11.0,1.0,2.0,0.0
2012,East,DET,25,70923605,22.0,11.0,10.0,6.0,-11.0,-4.0,0.0
2012,East,CLE,21,64875599,27.5,18.0,13.0,10.0,-9.5,-3.0,0.0
2012,East,MIA,46,74117458,4.0,8.0,2.0,4.0,4.0,2.0,5.0
2012,East,ATL,40,73669912,8.5,10.0,4.0,5.0,1.5,1.0,1.0
2012,East,ORL,37,86962825,12.0,2.0,6.0,1.0,-10.0,-5.0,1.0
2012,East,WAS,20,55386345,29.0,27.0,14.0,13.0,-2.0,-1.0,0.0
2012,East,CHA,7,57902024,30.0,23.0,15.0,12.0,-7.0,-3.0,0.0
2012,West,OKC,47,59501709,3.0,21.0,2.0,10.0,18.0,8.0,4.0
2012,West,DEN,38,58553173,11.0,22.0,6.0,11.0,11.0,5.0,1.0
2012,West,UTA,36,56948761,14.0,25.0,7.5,13.0,11.0,5.5,1.0
2012,West,POR,28,79568536,20.0,5.0,11.0,3.0,-15.0,-8.0,0.0
2012,West,MIN,26,56844339,21.0,26.0,12.0,14.0,5.0,2.0,0.0
2012,West,LAL,41,88264478,6.5,1.0,3.5,1.0,-5.5,-2.5,2.0
2012,West,LAC,40,67333389,8.5,14.0,5.0,7.0,5.5,2.0,2.0
2012,West,PHO,33,80640576,18.0,3.0,10.0,2.0,-15.0,-8.0,0.0
2012,West,GSW,23,61576901,23.5,19.0,13.0,9.0,-4.5,-4.0,0.0
2012,West,SAC,22,48950236,25.5,30.0,14.0,15.0,4.5,1.0,0.0
2012,West,SAS,50,73732762,1.5,9.0,1.0,5.0,7.5,4.0,3.0
2012,West,MEM,41,70628007,6.5,12.0,3.5,6.0,5.5,2.5,1.0
2012,West,DAL,36,74463409,14.0,7.0,7.5,4.0,-7.0,-3.5,1.0
2012,West,HOU,34,57021755,17.0,24.0,9.0,12.0,7.0,3.0,0.0
2012,West,NOH,21,65441008,27.5,16.0,15.0,8.0,-11.5,-7.0,0.0
2013,East,NYK,54,77970893,7.0,6.0,2.0,5.0,-1.0,3.0,2.0
2013,East,BRK,49,84290205,8.5,3.0,3.5,2.0,-5.5,-1.5,1.0
2013,East,BOS,41,73021989,16.5,10.0,7.0,7.0,-6.5,0.0,1.0
2013,East,PHI,34,84032270,19.5,4.0,9.5,3.0,-15.5,-6.5,0.0
2013,East,TOR,34,66974563,19.5,18.0,9.5,9.0,-1.5,-0.5,0.0
2013,East,IND,49,66687960,8.5,20.0,3.5,11.0,11.5,7.5,3.0
2013,East,CHI,45,75627699,12.0,7.0,5.0,6.0,-5.0,1.0,2.0
2013,East,MIL,38,62476395,18.0,26.0,8.0,14.0,8.0,6.0,1.0
2013,East,DET,29,63057497,23.5,24.0,11.5,13.0,0.5,1.5,0.0
2013,East,CLE,24,68428583,28.0,15.0,13.0,8.0,-13.0,-5.0,0.0
2013,East,MIA,66,81558311,1.0,5.0,1.0,4.0,4.0,3.0,5.0
2013,East,ATL,44,66768365,14.0,19.0,6.0,10.0,5.0,4.0,1.0
2013,East,WAS,29,66343388,23.5,21.0,11.5,12.0,-2.5,0.5,0.0
2013,East,CHA,21,57491899,29.0,28.0,14.0,15.0,-1.0,1.0,0.0
2013,East,ORL,20,87114818,30.0,2.0,15.0,1.0,-28.0,-14.0,0.0
2013,West,OKC,60,67863244,2.0,16.0,1.0,8.0,14.0,7.0,2.0
2013,West,DEN,57,68566062,4.0,14.0,3.0,7.0,10.0,4.0,1.0
2013,West,UTA,43,64717649,15.0,22.0,9.0,10.0,7.0,1.0,0.0
2013,West,POR,33,73656857,21.0,9.0,11.0,3.0,-12.0,-8.0,0.0
2013,West,MIN,31,69001896,22.0,13.0,12.0,6.0,-9.0,-6.0,0.0
2013,West,LAC,56,74354449,5.5,8.0,4.5,2.0,2.5,-2.5,1.0
2013,West,GSW,47,69695346,10.0,12.0,6.0,5.0,2.0,-1.0,2.0
2013,West,LAL,45,100451593,12.0,1.0,7.5,1.0,-11.0,-6.5,1.0
2013,West,SAC,28,54317436,25.0,30.0,13.0,15.0,5.0,2.0,0.0
2013,West,PHO,25,60844774,27.0,27.0,15.0,13.0,0.0,-2.0,0.0
2013,West,SAS,58,69787704,3.0,11.0,2.0,4.0,8.0,2.0,4.0
2013,West,MEM,56,62954838,5.5,25.0,4.5,12.0,19.5,7.5,3.0
2013,West,HOU,45,57323787,12.0,29.0,7.5,14.0,17.0,6.5,1.0
2013,West,DAL,41,67399169,16.5,17.0,10.0,9.0,0.5,-1.0,0.0
2013,West,NOH,27,63901224,26.0,23.0,14.0,11.0,-3.0,-3.0,0.0
2014,East,TOR,48,53076014,12.0,28.0,3.5,13.0,16.0,9.5,1.0
2014,East,BRK,44,102608995,14.5,1.0,5.5,1.0,-13.5,-4.5,2.0
2014,East,NYK,37,88890427,19.0,2.0,9.0,2.0,-17.0,-7.0,0.0
2014,East,BOS,25,63769609,26.5,16.0,12.0,6.0,-10.5,-6.0,0.0
2014,East,PHI,19,58945006,29.0,23.0,14.0,9.0,-6.0,-5.0,0.0
2014,East,IND,56,55015196,4.0,26.0,1.0,12.0,22.0,11.0,3.0
2014,East,CHI,48,85095835,12.0,3.0,3.5,3.0,-9.0,-0.5,1.0
2014,East,CLE,33,47050404,22.0,30.0,10.0,15.0,8.0,5.0,0.0
2014,East,DET,29,59157073,23.0,22.0,11.0,8.0,-1.0,-3.0,0.0
2014,East,MIL,15,49175131,30.0,29.0,15.0,14.0,-1.0,-1.0,0.0
2014,East,MIA,54,82218984,6.0,4.0,2.0,4.0,-2.0,2.0,4.0
2014,East,WAS,44,64064905,14.5,15.0,5.5,5.0,0.5,-0.5,2.0
2014,East,CHA,43,60819062,16.0,21.0,7.0,7.0,5.0,0.0,1.0
2014,East,ATL,38,55131673,18.0,25.0,8.0,11.0,7.0,3.0,1.0
2014,East,ORL,23,58318374,28.0,24.0,13.0,10.0,-4.0,-3.0,0.0
2014,West,OKC,59,71181364,2.0,9.0,2.0,5.0,7.0,3.0,3.0
2014,West,POR,54,61539586,6.0,20.0,4.5,14.0,14.0,9.5,2.0
2014,West,MIN,40,67485845,17.0,11.0,10.0,7.0,-6.0,-3.0,0.0
2014,West,DEN,36,67324401,20.0,12.0,11.0,8.0,-8.0,-3.0,0.0
2014,West,UTA,25,54491476,26.5,27.0,15.0,15.0,0.5,0.0,0.0
2014,West,LAC,57,73103861,3.0,8.0,3.0,4.0,5.0,1.0,2.0
2014,West,GSW,51,66764126,8.0,13.0,6.0,9.0,5.0,3.0,1.0
2014,West,PHO,48,64412586,12.0,14.0,9.0,10.0,2.0,1.0,0.0
2014,West,SAC,28,78765372,24.0,5.0,13.0,1.0,-19.0,-12.0,0.0
2014,West,LAL,27,76755609,25.0,6.0,14.0,2.0,-19.0,-12.0,0.0
2014,West,SAS,62,63666028,1.0,17.0,1.0,11.0,16.0,10.0,5.0
2014,West,HOU,54,63413126,6.0,18.0,4.5,12.0,12.0,7.5,1.0
2014,West,MEM,50,73789859,9.0,7.0,7.0,3.0,-2.0,-4.0,1.0
2014,West,DAL,49,67486257,10.0,10.0,8.0,6.0,0.0,-2.0,1.0
2014,West,NOP,34,62186089,21.0,19.0,12.0,13.0,-2.0,1.0,0.0
2015,East,TOR,49,75562364,11.0,13.0,4.0,8.0,2.0,4.0,1.0
2015,East,BOS,40,61092622,16.0,25.0,7.0,12.0,9.0,5.0,1.0
2015,East,BRK,38,91873492,19.0,2.0,8.5,1.0,-17.0,-7.5,1.0
2015,East,PHI,18,56455990,28.0,28.0,14.0,14.0,0.0,0.0,0.0
2015,East,NYK,17,83022165,29.0,6.0,15.0,3.0,-23.0,-12.0,0.0
2015,East,CLE,53,82038768,7.0,8.0,2.0,5.0,1.0,3.0,4.0
2015,East,CHI,50,81244225,9.5,9.0,3.0,6.0,-0.5,3.0,2.0
2015,East,MIL,41,61443341,15.0,24.0,6.0,11.0,9.0,5.0,1.0
2015,East,IND,38,75174324,19.0,15.0,8.5,9.0,-4.0,0.5,0.0
2015,East,DET,32,66738182,23.0,21.0,12.0,10.0,-2.0,-2.0,0.0
2015,East,ATL,60,58337671,2.0,27.0,1.0,13.0,25.0,12.0,3.0
2015,East,WAS,46,83108421,12.0,5.0,5.0,2.0,-7.0,-3.0,2.0
2015,East,MIA,37,82351805,21.0,7.0,10.0,4.0,-14.0,-6.0,0.0
2015,East,CHO,33,75954458,22.0,12.0,11.0,7.0,-10.0,-4.0,0.0
2015,East,ORL,25,53338463,26.0,30.0,13.0,15.0,4.0,2.0,0.0
2015,West,POR,51,92220907,8.0,1.0,6.0,1.0,-7.0,-5.0,1.0
2015,West,OKC,45,78791632,13.5,11.0,8.5,5.0,-2.5,-3.5,0.0
2015,West,UTA,38,59061387,19.0,26.0,11.0,14.0,7.0,3.0,0.0
2015,West,DEN,30,56278056,24.0,29.0,12.0,15.0,5.0,3.0,0.0
2015,West,MIN,16,64733364,30.0,23.0,15.0,13.0,-7.0,-2.0,0.0
2015,West,GSW,67,73623654,1.0,17.0,1.0,8.0,16.0,7.0,5.0
2015,West,LAC,56,80901123,3.5,10.0,2.5,4.0,6.5,1.5,2.0
2015,West,PHO,39,66503432,17.0,22.0,10.0,12.0,5.0,2.0,0.0
2015,West,SAC,29,73675912,25.0,16.0,13.0,7.0,-9.0,-6.0,0.0
2015,West,LAL,21,70914495,27.0,18.0,14.0,9.0,-9.0,-5.0,0.0
2015,West,HOU,56,87299371,3.5,3.0,2.5,2.0,-0.5,-0.5,3.0
2015,West,SAS,55,69614583,5.5,19.0,4.5,10.0,13.5,5.5,1.0
2015,West,MEM,55,75341226,5.5,14.0,4.5,6.0,8.5,1.5,2.0
2015,West,DAL,50,83970065,9.5,4.0,7.0,3.0,-5.5,-4.0,1.0
2015,West,NOP,45,69390028,13.5,20.0,8.5,11.0,6.5,2.5,1.0
2016,East,CLE,57,105962520,3.0,1.0,1.0,1.0,-2.0,0.0,5.0
2016,East,TOR,56,71934665,4.0,21.0,2.0,10.0,17.0,8.0,3.0
2016,East,MIA,48,85826352,8.5,7.0,4.5,2.0,-1.5,-2.5,2.0
2016,East,ATL,48,71453126,8.5,23.0,4.5,11.0,14.5,6.5,2.0
2016,East,BOS,48,77202316,8.5,14.0,4.5,7.0,5.5,2.5,1.0
2016,East,CHO,48,77609865,8.5,13.0,4.5,6.0,4.5,1.5,1.0
2016,East,IND,45,71286088,11.0,24.0,7.0,12.0,13.0,5.0,1.0
2016,East,DET,44,76638790,12.5,15.0,8.0,8.0,2.5,0.0,1.0
2016,East,CHI,42,85385898,15.0,8.0,9.0,3.0,-7.0,-6.0,0.0
2016,East,WAS,41,84237317,17.5,10.0,10.0,4.0,-7.5,-6.0,0.0
2016,East,ORL,35,63349656,20.0,29.0,11.0,15.0,9.0,4.0,0.0
2016,East,MIL,33,70993573,22.0,25.0,12.0,13.0,3.0,1.0,0.0
2016,East,NYK,32,75311181,24.0,16.0,13.0,9.0,-8.0,-4.0,0.0
2016,East,BRK,21,83831503,28.0,11.0,14.0,5.0,-17.0,-9.0,0.0
2016,East,PHI,10,63646397,30.0,28.0,15.0,14.0,-2.0,-1.0,0.0
2016,West,GSW,73,93707197,1.0,4.0,1.0,3.0,3.0,2.0,4.0
2016,West,SAS,67,87365099,2.0,6.0,2.0,5.0,4.0,3.0,2.0
2016,West,OKC,55,94622660,5.0,3.0,3.0,2.0,-2.0,-1.0,3.0
2016,West,LAC,53,95585714,6.0,2.0,4.0,1.0,-4.0,-3.0,1.0
2016,West,POR,44,61000674,12.5,30.0,5.0,15.0,17.5,10.0,2.0
2016,West,DAL,42,74040317,15.0,17.0,6.5,8.0,2.0,1.5,1.0
2016,West,MEM,42,83037255,15.0,12.0,6.5,7.0,-3.0,0.5,1.0
2016,West,HOU,41,90188412,17.5,5.0,8.0,4.0,-12.5,-4.0,1.0
2016,West,UTA,40,64783884,19.0,27.0,9.0,14.0,8.0,5.0,0.0
2016,West,SAC,33,71840771,22.0,22.0,10.5,12.0,0.0,1.5,0.0
2016,West,DEN,33,72606354,22.0,18.0,10.5,9.0,-4.0,-1.5,0.0
2016,West,NOP,30,84384711,25.0,9.0,12.0,6.0,-16.0,-6.0,0.0
2016,West,MIN,29,72458417,26.0,19.0,13.0,10.0,-7.0,-3.0,0.0
2016,West,PHO,23,69701209,27.0,26.0,14.0,13.0,-1.0,-1.0,0.0
2016,West,LAL,17,72415125,29.0,20.0,15.0,11.0,-9.0,-4.0,0.0
2017,East,BOS,53,93465328,4.0,21.0,1.0,12.0,17.0,11.0,0.0
2017,East,CLE,51,127243667,6.5,1.0,2.5,1.0,-5.5,-1.5,0.0
2017,East,TOR,51,108664969,6.5,6.0,2.5,3.0,-0.5,0.5,0.0
2017,East,WAS,49,102334382,9.0,12.0,4.0,7.0,3.0,3.0,0.0
2017,East,ATL,43,96294035,11.5,16.0,5.0,9.0,4.5,4.0,0.0
2017,East,MIL,42,94012121,13.5,19.0,6.5,10.0,5.5,3.5,0.0
2017,East,IND,42,94008504,13.5,20.0,6.5,11.0,6.5,4.5,0.0
2017,East,CHI,41,92571387,16.0,22.0,8.5,13.0,6.0,4.5,0.0
2017,East,MIA,41,101818405,16.0,13.0,8.5,8.0,-3.0,-0.5,0.0
2017,East,DET,37,108967919,19.0,5.0,10.0,2.0,-14.0,-8.0,0.0
2017,East,CHO,36,102675926,20.0,11.0,11.0,6.0,-9.0,-5.0,0.0
2017,East,NYK,31,103595894,24.5,10.0,12.0,5.0,-14.5,-7.0,0.0
2017,East,ORL,29,104110336,26.0,8.0,13.0,4.0,-18.0,-9.0,0.0
2017,East,PHI,28,85763788,27.0,25.0,14.0,14.0,-2.0,0.0,0.0
2017,East,BRK,20,84083139,30.0,27.0,15.0,15.0,-3.0,0.0,0.0
2017,West,GSW,67,101725589,1.0,14.0,1.0,6.0,13.0,5.0,0.0
2017,West,SAS,61,108640621,2.0,7.0,2.0,4.0,5.0,2.0,0.0
2017,West,HOU,55,90996769,3.0,24.0,3.0,11.0,21.0,8.0,0.0
2017,West,LAC,51,116237542,6.5,2.0,4.5,1.0,-4.5,-3.5,0.0
2017,West,UTA,51,80598193,6.5,30.0,4.5,15.0,23.5,10.5,0.0
2017,West,OKC,47,91339949,10.0,23.0,6.0,10.0,13.0,4.0,0.0
2017,West,MEM,43,111045893,11.5,4.0,7.0,3.0,-7.5,-4.0,0.0
2017,West,POR,41,112416239,16.0,3.0,8.0,2.0,-13.0,-6.0,0.0
2017,West,DEN,40,82573997,18.0,28.0,9.0,13.0,10.0,4.0,0.0
2017,West,NOP,34,101707386,21.0,15.0,10.0,7.0,-6.0,-3.0,0.0
2017,West,DAL,33,104042028,22.0,9.0,11.0,5.0,-13.0,-6.0,0.0
2017,West,SAC,32,96043092,23.0,17.0,12.0,8.0,-6.0,-4.0,0.0
2017,West,MIN,31,81621379,24.5,29.0,13.0,14.0,4.5,1.0,0.0
2017,West,LAL,26,95226183,28.0,18.0,14.0,9.0,-10.0,-5.0,0.0
2017,West,PHO,24,85138847,29.0,26.0,15.0,12.0,-3.0,-3.0,0.0
